,password,name,view,saved_for_later,added_to_cart,bought,review,like
user1,12345,Olivia Bennett,"['prod34', 'prod85', 'prod28', 'prod74', 'prod79', 'prod18', 'prod52', 'prod10', 'prod14', 'prod32', 'prod59', 'prod46', 'prod16', 'prod43', 'prod56', 'prod9', 'prod66', 'prod78', 'prod33', 'prod87', 'prod77', 'prod42', 'prod57', 'prod68', 'prod80', 'prod96', 'prod98', 'prod49', 'prod65', 'prod12', 'prod2', 'prod23', 'prod27', 'prod69', 'prod60', 'prod50', 'prod8', 'prod48']","['prod51', 'prod43', 'prod62', 'prod15', 'prod52', 'prod47', 'prod98', 'prod57', 'prod67', 'prod29']","['prod3', 'prod22', 'prod54', 'prod43', 'prod62', 'prod19', 'prod44', 'prod36', 'prod14']","['prod19', 'prod15']","{'prod19': 2, 'prod15': 3}","['prod38', 'prod87', 'prod8', 'prod83', 'prod37', 'prod68', 'prod28', 'prod61', 'prod52', 'prod95']"
user2,12345,Liam Carter,"['prod33', 'prod95', 'prod90', 'prod23', 'prod60', 'prod78', 'prod20', 'prod45', 'prod8', 'prod36', 'prod25', 'prod29', 'prod100', 'prod44', 'prod69', 'prod52', 'prod98', 'prod37', 'prod32', 'prod39', 'prod59', 'prod61', 'prod92', 'prod6', 'prod65', 'prod35', 'prod38', 'prod88', 'prod40', 'prod75', 'prod81', 'prod2', 'prod10', 'prod96', 'prod15']","['prod67', 'prod6', 'prod20', 'prod38', 'prod85']","['prod51', 'prod72']","['prod60', 'prod13', 'prod48', 'prod99', 'prod29', 'prod78', 'prod80', 'prod3', 'prod92', 'prod55', 'prod72', 'prod34', 'prod17', 'prod100', 'prod70']","{'prod72': 3, 'prod80': 5, 'prod99': 4, 'prod70': 4, 'prod78': 3, 'prod17': 4, 'prod48': 5, 'prod100': 4}","['prod51', 'prod5', 'prod23', 'prod64', 'prod56', 'prod30', 'prod84', 'prod40', 'prod67', 'prod48']"
user3,12345,Sophia Anderson,"['prod12', 'prod53', 'prod31', 'prod24', 'prod30']","['prod75', 'prod41', 'prod61', 'prod87', 'prod99', 'prod64', 'prod7']","['prod27', 'prod45', 'prod50', 'prod59', 'prod26', 'prod81', 'prod46', 'prod60', 'prod99', 'prod12']","['prod60', 'prod11', 'prod75', 'prod38', 'prod63', 'prod6', 'prod74', 'prod89']","{'prod11': 4, 'prod89': 2}","['prod93', 'prod18', 'prod75', 'prod6', 'prod10', 'prod33', 'prod96', 'prod43', 'prod39', 'prod97', 'prod1', 'prod27', 'prod26', 'prod35', 'prod12', 'prod21', 'prod84', 'prod90']"
user4,12345,Noah Patel,"['prod22', 'prod9', 'prod34', 'prod69', 'prod68', 'prod62', 'prod40', 'prod87', 'prod41', 'prod2', 'prod71', 'prod42', 'prod3', 'prod78', 'prod5', 'prod52', 'prod12', 'prod28', 'prod73', 'prod35', 'prod90', 'prod15', 'prod89', 'prod51', 'prod19', 'prod84', 'prod6', 'prod16', 'prod97']","['prod3', 'prod10', 'prod100']","['prod89', 'prod3', 'prod61', 'prod92', 'prod53', 'prod81']","['prod23', 'prod100', 'prod77', 'prod69', 'prod67', 'prod46', 'prod4', 'prod17', 'prod26', 'prod97', 'prod37', 'prod12', 'prod94']","{'prod97': 3, 'prod94': 4, 'prod17': 2}","['prod5', 'prod80', 'prod20', 'prod93', 'prod46', 'prod31', 'prod38', 'prod99', 'prod61', 'prod83', 'prod22', 'prod21', 'prod28', 'prod56', 'prod39', 'prod15', 'prod53', 'prod89']"
user5,12345,Ava Johnson,"['prod29', 'prod13', 'prod18', 'prod69', 'prod62', 'prod83', 'prod20', 'prod96', 'prod3', 'prod77', 'prod34', 'prod64', 'prod73', 'prod21', 'prod63', 'prod89', 'prod97', 'prod53', 'prod11', 'prod6', 'prod94', 'prod67', 'prod27', 'prod39', 'prod66', 'prod12', 'prod1', 'prod60', 'prod4', 'prod56', 'prod76', 'prod86', 'prod92', 'prod65', 'prod2', 'prod7', 'prod52', 'prod15', 'prod40', 'prod85', 'prod45', 'prod47', 'prod98', 'prod91', 'prod100', 'prod84', 'prod68', 'prod25', 'prod75', 'prod36']","['prod62', 'prod64', 'prod85', 'prod87', 'prod4', 'prod68', 'prod55', 'prod7', 'prod52']","['prod82', 'prod1', 'prod50', 'prod84', 'prod91', 'prod36', 'prod17', 'prod63', 'prod18', 'prod10']","['prod18', 'prod83', 'prod78', 'prod52', 'prod30', 'prod62', 'prod38', 'prod53', 'prod16', 'prod9', 'prod46', 'prod68', 'prod93', 'prod56', 'prod15']","{'prod18': 4, 'prod83': 3, 'prod52': 3, 'prod53': 2, 'prod30': 2, 'prod9': 3, 'prod46': 2, 'prod78': 2}","['prod75', 'prod4', 'prod18', 'prod79', 'prod97', 'prod19', 'prod10', 'prod37', 'prod90', 'prod100', 'prod91', 'prod96', 'prod13', 'prod66', 'prod59', 'prod55', 'prod9', 'prod24', 'prod45', 'prod83', 'prod43', 'prod74', 'prod99', 'prod44', 'prod67', 'prod25', 'prod42']"
user6,12345,Ethan Martinez,"['prod71', 'prod5', 'prod6', 'prod56', 'prod23', 'prod66', 'prod85', 'prod94', 'prod65', 'prod62', 'prod54', 'prod15', 'prod34', 'prod68', 'prod95', 'prod57', 'prod69', 'prod76', 'prod16', 'prod22', 'prod8', 'prod99', 'prod28', 'prod92', 'prod61', 'prod47', 'prod60', 'prod87', 'prod82', 'prod38', 'prod24', 'prod9', 'prod42', 'prod97', 'prod49']",['prod8'],[],"['prod8', 'prod35']","{'prod35': 4, 'prod8': 5}","['prod42', 'prod92', 'prod83', 'prod24', 'prod32', 'prod76', 'prod45', 'prod87', 'prod20', 'prod43', 'prod54', 'prod47', 'prod6', 'prod98', 'prod22', 'prod100', 'prod33', 'prod74', 'prod7', 'prod9']"
user7,12345,Isabella Thompson,"['prod42', 'prod27', 'prod9', 'prod36', 'prod97', 'prod5', 'prod39', 'prod1']","['prod74', 'prod1', 'prod99', 'prod48', 'prod60', 'prod96', 'prod90', 'prod76', 'prod71']","['prod20', 'prod50', 'prod99', 'prod63', 'prod88', 'prod39']","['prod37', 'prod53', 'prod44', 'prod65', 'prod33', 'prod4', 'prod31']","{'prod65': 5, 'prod4': 4, 'prod44': 1, 'prod31': 3, 'prod33': 1, 'prod37': 2}","['prod4', 'prod20', 'prod19', 'prod94', 'prod18', 'prod46', 'prod3', 'prod57', 'prod77', 'prod99', 'prod52', 'prod49', 'prod67', 'prod93', 'prod86', 'prod78', 'prod61', 'prod85', 'prod70', 'prod87', 'prod53', 'prod48', 'prod14', 'prod21', 'prod68', 'prod32', 'prod56', 'prod38', 'prod27', 'prod40', 'prod82', 'prod34']"
user8,12345,Aiden Davis,"['prod19', 'prod23', 'prod86', 'prod28', 'prod72', 'prod47', 'prod44', 'prod82', 'prod15', 'prod42', 'prod55', 'prod59', 'prod65', 'prod80', 'prod96']","['prod71', 'prod22', 'prod89', 'prod82', 'prod51', 'prod62', 'prod56']","['prod94', 'prod13']","['prod74', 'prod71', 'prod78', 'prod88', 'prod33', 'prod20']","{'prod78': 3, 'prod74': 4, 'prod20': 3, 'prod88': 4}","['prod33', 'prod26', 'prod65', 'prod14', 'prod11', 'prod35', 'prod25', 'prod78', 'prod32', 'prod5', 'prod6', 'prod17', 'prod39', 'prod54', 'prod84', 'prod13', 'prod82', 'prod41', 'prod47', 'prod19', 'prod62', 'prod38', 'prod53', 'prod63', 'prod30', 'prod1', 'prod31', 'prod12']"
user9,12345,Mia Walker,"['prod99', 'prod74', 'prod57', 'prod50', 'prod2', 'prod24', 'prod35', 'prod16', 'prod18', 'prod11', 'prod3', 'prod36', 'prod60', 'prod5', 'prod49', 'prod95', 'prod46', 'prod10', 'prod87', 'prod59', 'prod12', 'prod55', 'prod13', 'prod27', 'prod41', 'prod80', 'prod1', 'prod17', 'prod96', 'prod86', 'prod91', 'prod72', 'prod40', 'prod66', 'prod94', 'prod7', 'prod31', 'prod93', 'prod26', 'prod56', 'prod32', 'prod62', 'prod43', 'prod6', 'prod23', 'prod19', 'prod52', 'prod85', 'prod25']","['prod27', 'prod28', 'prod42', 'prod67', 'prod11', 'prod6', 'prod90', 'prod21', 'prod92']","['prod59', 'prod17', 'prod30', 'prod28', 'prod23', 'prod81', 'prod7', 'prod87', 'prod95', 'prod65']","['prod98', 'prod93', 'prod28', 'prod58', 'prod59', 'prod61', 'prod37']","{'prod98': 1, 'prod58': 1, 'prod93': 4, 'prod61': 5, 'prod28': 2, 'prod59': 3, 'prod37': 1}","['prod44', 'prod32', 'prod77', 'prod43', 'prod78', 'prod82', 'prod62', 'prod91', 'prod79', 'prod27', 'prod7', 'prod28', 'prod49', 'prod40', 'prod35', 'prod39', 'prod19', 'prod100', 'prod73', 'prod36', 'prod41', 'prod92', 'prod5', 'prod94', 'prod71', 'prod65', 'prod74', 'prod30', 'prod98', 'prod85', 'prod46', 'prod55', 'prod33', 'prod89', 'prod95', 'prod23', 'prod99', 'prod56', 'prod93', 'prod29']"
user10,12345,Jackson Wright,"['prod41', 'prod23', 'prod58', 'prod34']","['prod50', 'prod28', 'prod47', 'prod91', 'prod46', 'prod17', 'prod78', 'prod68']","['prod100', 'prod82', 'prod34', 'prod85']","['prod65', 'prod21', 'prod72', 'prod68', 'prod42', 'prod7', 'prod2', 'prod35', 'prod93', 'prod75', 'prod87', 'prod44', 'prod90', 'prod57']","{'prod93': 2, 'prod2': 5, 'prod65': 4, 'prod75': 4, 'prod7': 4, 'prod35': 3, 'prod68': 4, 'prod87': 1, 'prod42': 4, 'prod57': 3, 'prod90': 5, 'prod21': 3}","['prod30', 'prod32', 'prod45', 'prod56', 'prod89', 'prod86', 'prod3', 'prod16', 'prod5', 'prod60', 'prod14', 'prod72', 'prod55', 'prod77', 'prod76', 'prod58', 'prod71', 'prod1', 'prod18', 'prod8', 'prod80', 'prod92', 'prod75', 'prod68', 'prod23', 'prod15', 'prod24', 'prod36', 'prod88', 'prod79']"
user11,12345,Emma Williams,"['prod65', 'prod69', 'prod87', 'prod14', 'prod24', 'prod91', 'prod96', 'prod31', 'prod12', 'prod76', 'prod98', 'prod8', 'prod22', 'prod82', 'prod63', 'prod41', 'prod60', 'prod33', 'prod39', 'prod74', 'prod100', 'prod15']","['prod72', 'prod30', 'prod60', 'prod16', 'prod61', 'prod86']","['prod23', 'prod28', 'prod20', 'prod80']","['prod74', 'prod62', 'prod68', 'prod85', 'prod71', 'prod96', 'prod9']","{'prod62': 1, 'prod74': 5}","['prod11', 'prod89', 'prod83', 'prod45', 'prod30', 'prod15', 'prod41', 'prod90', 'prod49', 'prod17', 'prod70', 'prod47', 'prod67', 'prod59', 'prod68', 'prod20', 'prod86', 'prod64', 'prod97', 'prod31', 'prod36', 'prod46', 'prod48', 'prod33', 'prod66', 'prod79', 'prod14', 'prod84', 'prod77', 'prod39', 'prod91', 'prod52', 'prod13', 'prod40']"
user12,12345,Lucas Rodriguez,"['prod33', 'prod56', 'prod7', 'prod67', 'prod50', 'prod2', 'prod37', 'prod31', 'prod64', 'prod44', 'prod25', 'prod6', 'prod45', 'prod46', 'prod20', 'prod1', 'prod90', 'prod34', 'prod15', 'prod91', 'prod84', 'prod27', 'prod98', 'prod95', 'prod71', 'prod70', 'prod60', 'prod22', 'prod62', 'prod76', 'prod4', 'prod12', 'prod17', 'prod42', 'prod30', 'prod55', 'prod41', 'prod52', 'prod78', 'prod43', 'prod93']","['prod3', 'prod56', 'prod99', 'prod75', 'prod79']","['prod34', 'prod100', 'prod5']","['prod91', 'prod27', 'prod25']","{'prod91': 5, 'prod25': 3}","['prod43', 'prod35', 'prod100', 'prod55', 'prod9', 'prod51', 'prod18', 'prod34', 'prod79', 'prod6', 'prod52', 'prod65', 'prod76', 'prod7', 'prod21', 'prod22', 'prod37', 'prod75', 'prod46', 'prod92']"
user13,12345,Harper Lewis,"['prod34', 'prod80', 'prod63', 'prod71', 'prod84', 'prod9', 'prod5', 'prod58', 'prod39', 'prod89', 'prod47', 'prod30', 'prod46', 'prod28', 'prod81', 'prod6', 'prod66', 'prod12', 'prod43', 'prod7', 'prod44', 'prod95', 'prod93', 'prod8', 'prod1', 'prod62', 'prod76']",[],['prod1'],"['prod36', 'prod75', 'prod4', 'prod73', 'prod22', 'prod29']","{'prod29': 2, 'prod4': 1, 'prod73': 3, 'prod75': 1, 'prod36': 2}","['prod9', 'prod23', 'prod76', 'prod18', 'prod72', 'prod84', 'prod56', 'prod10', 'prod49', 'prod27', 'prod13', 'prod38', 'prod89', 'prod4', 'prod81', 'prod93', 'prod28']"
user14,12345,Oliver Scott,"['prod75', 'prod27', 'prod63', 'prod100', 'prod95', 'prod71', 'prod89', 'prod7', 'prod72']","['prod77', 'prod68', 'prod33']",['prod22'],"['prod6', 'prod66', 'prod76', 'prod36', 'prod16', 'prod71', 'prod40']","{'prod36': 3, 'prod66': 5, 'prod71': 2, 'prod6': 1}","['prod68', 'prod50', 'prod28', 'prod59', 'prod85', 'prod88', 'prod43', 'prod91', 'prod51', 'prod76']"
user15,12345,Amelia Turner,"['prod39', 'prod76', 'prod95', 'prod94', 'prod62', 'prod65', 'prod44', 'prod20', 'prod33', 'prod66', 'prod45', 'prod1', 'prod96', 'prod25', 'prod52', 'prod77', 'prod3', 'prod13', 'prod37', 'prod17', 'prod34']","['prod55', 'prod100', 'prod99', 'prod67', 'prod36', 'prod97', 'prod1', 'prod58', 'prod66']","['prod35', 'prod34', 'prod63', 'prod46', 'prod17', 'prod72', 'prod39', 'prod33', 'prod11']","['prod53', 'prod69', 'prod44', 'prod4', 'prod58', 'prod22', 'prod40', 'prod45', 'prod29', 'prod67', 'prod18', 'prod8', 'prod72', 'prod16']","{'prod53': 3, 'prod8': 2, 'prod67': 3, 'prod58': 2}","['prod1', 'prod5', 'prod95', 'prod56', 'prod63', 'prod76', 'prod98', 'prod42', 'prod57', 'prod21', 'prod22', 'prod7', 'prod17', 'prod16', 'prod31', 'prod26', 'prod37', 'prod14', 'prod84', 'prod94', 'prod87', 'prod51', 'prod48', 'prod97', 'prod64', 'prod93', 'prod24', 'prod80', 'prod59', 'prod65', 'prod30', 'prod10', 'prod40', 'prod11', 'prod28', 'prod44', 'prod61', 'prod41']"
user16,12345,Elijah Morgan,"['prod27', 'prod45', 'prod47', 'prod12', 'prod4', 'prod59', 'prod29', 'prod41', 'prod25', 'prod53', 'prod68', 'prod28', 'prod38', 'prod61', 'prod77', 'prod26', 'prod50', 'prod8', 'prod58', 'prod78', 'prod10', 'prod20', 'prod93', 'prod52', 'prod6', 'prod88', 'prod80', 'prod42']","['prod27', 'prod45', 'prod76', 'prod26', 'prod52', 'prod65', 'prod57']",['prod63'],"['prod53', 'prod55', 'prod41', 'prod63', 'prod58', 'prod6', 'prod31', 'prod91', 'prod45', 'prod95', 'prod27', 'prod36']","{'prod36': 1, 'prod95': 2, 'prod6': 4, 'prod55': 5, 'prod27': 3, 'prod31': 2, 'prod45': 1}","['prod33', 'prod1', 'prod32', 'prod46', 'prod69', 'prod59', 'prod41', 'prod60', 'prod16', 'prod52', 'prod61', 'prod21', 'prod90', 'prod26', 'prod99', 'prod92', 'prod68', 'prod64', 'prod79', 'prod39', 'prod27', 'prod9', 'prod77', 'prod74', 'prod62', 'prod43', 'prod87', 'prod8', 'prod55', 'prod12', 'prod70', 'prod28', 'prod48', 'prod17', 'prod3', 'prod36', 'prod91']"
user17,12345,Charlotte White,"['prod58', 'prod10', 'prod61', 'prod31', 'prod71', 'prod78', 'prod43', 'prod14', 'prod21', 'prod69', 'prod17', 'prod64', 'prod46', 'prod27', 'prod97', 'prod52', 'prod12', 'prod3', 'prod37', 'prod16', 'prod68', 'prod38']","['prod25', 'prod16', 'prod72', 'prod94', 'prod88']","['prod96', 'prod39', 'prod53', 'prod20', 'prod56', 'prod47']","['prod44', 'prod52', 'prod29', 'prod97', 'prod48', 'prod53', 'prod10', 'prod93', 'prod26', 'prod6']","{'prod10': 1, 'prod26': 3, 'prod97': 3, 'prod93': 1, 'prod48': 4, 'prod6': 4, 'prod52': 4, 'prod53': 1}","['prod32', 'prod55', 'prod62', 'prod42', 'prod72', 'prod10', 'prod19', 'prod91', 'prod60', 'prod44', 'prod82', 'prod79', 'prod51', 'prod38', 'prod47', 'prod40', 'prod74', 'prod98', 'prod15', 'prod88', 'prod75', 'prod14', 'prod1', 'prod100', 'prod96', 'prod52', 'prod12']"
user18,12345,Grayson Hall,"['prod64', 'prod41', 'prod62', 'prod16', 'prod76', 'prod10', 'prod29', 'prod44', 'prod57', 'prod96', 'prod12', 'prod52', 'prod7', 'prod20', 'prod25', 'prod13', 'prod89', 'prod65', 'prod34', 'prod56', 'prod55', 'prod54', 'prod83', 'prod24', 'prod68', 'prod28', 'prod94']","['prod27', 'prod1', 'prod43', 'prod42', 'prod34', 'prod45', 'prod28']","['prod18', 'prod38', 'prod94', 'prod29', 'prod16', 'prod40', 'prod72', 'prod30', 'prod79']","['prod55', 'prod77', 'prod50', 'prod59', 'prod39', 'prod74', 'prod9', 'prod33', 'prod21', 'prod91']","{'prod50': 2, 'prod74': 4, 'prod9': 5, 'prod21': 4, 'prod91': 1}","['prod16', 'prod12', 'prod56', 'prod2', 'prod96', 'prod73', 'prod5', 'prod26', 'prod43', 'prod23', 'prod1', 'prod64', 'prod9', 'prod81', 'prod48', 'prod38', 'prod46', 'prod20', 'prod100', 'prod31', 'prod99', 'prod24', 'prod8', 'prod34', 'prod53', 'prod36', 'prod55', 'prod87', 'prod22', 'prod25', 'prod40', 'prod93', 'prod60', 'prod33', 'prod35', 'prod49', 'prod18', 'prod76', 'prod77', 'prod89', 'prod92', 'prod67', 'prod71', 'prod39', 'prod79', 'prod90']"
user19,12345,Abigail Green,['prod100'],"['prod71', 'prod16', 'prod99', 'prod79', 'prod17', 'prod91']","['prod93', 'prod3', 'prod31', 'prod7', 'prod73', 'prod2', 'prod58']","['prod43', 'prod84', 'prod65', 'prod14', 'prod56']",{'prod84': 3},"['prod50', 'prod95', 'prod74', 'prod9', 'prod7', 'prod97', 'prod32', 'prod82', 'prod26', 'prod51', 'prod13', 'prod83']"
user20,12345,Carter Adams,"['prod44', 'prod12', 'prod45', 'prod8', 'prod6', 'prod21', 'prod46', 'prod71', 'prod60']","['prod62', 'prod90']","['prod84', 'prod4', 'prod57', 'prod20', 'prod98', 'prod49', 'prod58', 'prod75']","['prod6', 'prod10', 'prod54']","{'prod10': 1, 'prod6': 5, 'prod54': 2}","['prod58', 'prod33', 'prod77', 'prod29', 'prod26', 'prod43', 'prod55', 'prod87', 'prod90', 'prod13', 'prod44', 'prod8', 'prod39', 'prod72', 'prod35', 'prod68', 'prod95', 'prod80']"
user21,12345,Evelyn Mitchell,"['prod42', 'prod10', 'prod58', 'prod92', 'prod16', 'prod61', 'prod6', 'prod35', 'prod59', 'prod20', 'prod9', 'prod71', 'prod18', 'prod54', 'prod2', 'prod78', 'prod27', 'prod96', 'prod70', 'prod26', 'prod55', 'prod95', 'prod85', 'prod100', 'prod86', 'prod51', 'prod99', 'prod97', 'prod80']","['prod83', 'prod50', 'prod26']","['prod1', 'prod88', 'prod16']","['prod56', 'prod22', 'prod54', 'prod69', 'prod66']",{'prod69': 4},"['prod71', 'prod27', 'prod39', 'prod55', 'prod81', 'prod28', 'prod89', 'prod52', 'prod99', 'prod100', 'prod94', 'prod43', 'prod93', 'prod91', 'prod86', 'prod30', 'prod61', 'prod73', 'prod46', 'prod57', 'prod31', 'prod79', 'prod64', 'prod11', 'prod10', 'prod37', 'prod26', 'prod62']"
user22,12345,Sebastian Martinez,"['prod78', 'prod1']","['prod83', 'prod31', 'prod28', 'prod78', 'prod59']","['prod32', 'prod73', 'prod62', 'prod37', 'prod42', 'prod90']","['prod22', 'prod43', 'prod33', 'prod67', 'prod13', 'prod10', 'prod91', 'prod15']","{'prod43': 4, 'prod91': 2, 'prod13': 2, 'prod22': 2, 'prod10': 4, 'prod67': 5, 'prod33': 5}","['prod98', 'prod28', 'prod65', 'prod7', 'prod84', 'prod43', 'prod15', 'prod53', 'prod80', 'prod32', 'prod93', 'prod48', 'prod10', 'prod35', 'prod51', 'prod100', 'prod57', 'prod69', 'prod76', 'prod30', 'prod12', 'prod96', 'prod31', 'prod17', 'prod72', 'prod39', 'prod38', 'prod90', 'prod3']"
user23,12345,Scarlett Davis,"['prod24', 'prod81', 'prod28', 'prod93', 'prod1', 'prod40', 'prod13', 'prod44', 'prod49', 'prod6', 'prod52', 'prod57', 'prod38', 'prod71', 'prod4', 'prod73', 'prod31', 'prod18', 'prod25', 'prod83']","['prod59', 'prod78', 'prod44']","['prod52', 'prod47', 'prod18', 'prod43']","['prod97', 'prod87', 'prod51', 'prod46', 'prod68', 'prod45', 'prod100', 'prod2']","{'prod2': 4, 'prod51': 4, 'prod46': 2, 'prod68': 3, 'prod87': 4, 'prod100': 1}","['prod33', 'prod4', 'prod61', 'prod85', 'prod28', 'prod32', 'prod6', 'prod63', 'prod95', 'prod37', 'prod79', 'prod76', 'prod93']"
user24,12345,Logan Wilson,"['prod15', 'prod56', 'prod85', 'prod92', 'prod8', 'prod48', 'prod28', 'prod60', 'prod93', 'prod53', 'prod41', 'prod98', 'prod14', 'prod78', 'prod66', 'prod76', 'prod10', 'prod69', 'prod36', 'prod65']","['prod84', 'prod9', 'prod100']","['prod25', 'prod53', 'prod36', 'prod60', 'prod38']","['prod93', 'prod45', 'prod16', 'prod56', 'prod94']",{'prod45': 3},"['prod77', 'prod26', 'prod43', 'prod89', 'prod47', 'prod37', 'prod30', 'prod13', 'prod68', 'prod12', 'prod85', 'prod1', 'prod5', 'prod51', 'prod29', 'prod70', 'prod78', 'prod42', 'prod17', 'prod40', 'prod69', 'prod82', 'prod63']"
user25,12345,Aria Foster,"['prod45', 'prod92', 'prod31', 'prod63', 'prod85']",['prod64'],"['prod43', 'prod44', 'prod11', 'prod25', 'prod100', 'prod26', 'prod42', 'prod72']","['prod74', 'prod75']","{'prod75': 2, 'prod74': 5}","['prod51', 'prod42', 'prod73', 'prod81', 'prod46', 'prod26', 'prod93', 'prod12', 'prod3', 'prod43', 'prod97', 'prod34', 'prod9', 'prod25', 'prod87', 'prod28', 'prod21', 'prod76', 'prod96', 'prod94']"
user26,12345,Benjamin Turner,"['prod34', 'prod17', 'prod56', 'prod64', 'prod38', 'prod98', 'prod11', 'prod74', 'prod83', 'prod1', 'prod42', 'prod13', 'prod78', 'prod76', 'prod99', 'prod51', 'prod75', 'prod37', 'prod67', 'prod15', 'prod88', 'prod33']","['prod49', 'prod48', 'prod66']","['prod13', 'prod38', 'prod75', 'prod15', 'prod23', 'prod6', 'prod76', 'prod3', 'prod63']","['prod54', 'prod87', 'prod86', 'prod10', 'prod89', 'prod50', 'prod39', 'prod8', 'prod29', 'prod91', 'prod33', 'prod32', 'prod72', 'prod68', 'prod74']",{},"['prod30', 'prod65', 'prod73', 'prod48', 'prod60', 'prod29', 'prod27', 'prod1', 'prod86', 'prod57', 'prod40', 'prod61', 'prod39', 'prod36', 'prod53', 'prod35', 'prod79', 'prod17']"
user27,12345,Luna Garcia,"['prod54', 'prod74', 'prod93', 'prod1', 'prod7', 'prod35', 'prod94']","['prod55', 'prod5', 'prod61', 'prod23']","['prod19', 'prod92', 'prod81', 'prod51', 'prod75', 'prod58', 'prod62', 'prod24']","['prod82', 'prod32', 'prod62', 'prod69', 'prod8', 'prod74', 'prod16', 'prod28', 'prod95', 'prod33', 'prod92', 'prod25', 'prod68', 'prod10']","{'prod74': 1, 'prod69': 2, 'prod10': 2, 'prod25': 1, 'prod62': 5}","['prod37', 'prod8', 'prod52', 'prod12', 'prod35', 'prod62', 'prod16', 'prod15', 'prod41', 'prod95', 'prod84', 'prod58', 'prod22', 'prod27', 'prod46', 'prod21']"
user28,12345,Henry Smith,"['prod81', 'prod14', 'prod19', 'prod15', 'prod86', 'prod20', 'prod42', 'prod66', 'prod84', 'prod16', 'prod98', 'prod83', 'prod7', 'prod91', 'prod34', 'prod63', 'prod94', 'prod46', 'prod33', 'prod74']",['prod92'],"['prod73', 'prod88', 'prod7', 'prod66', 'prod56', 'prod27', 'prod63', 'prod50']","['prod11', 'prod49', 'prod2', 'prod37', 'prod48', 'prod5', 'prod61', 'prod88', 'prod95']",{},"['prod4', 'prod76', 'prod12', 'prod77', 'prod81', 'prod25', 'prod26', 'prod20', 'prod58', 'prod41', 'prod28', 'prod14', 'prod33', 'prod80', 'prod7', 'prod98', 'prod83', 'prod8', 'prod23', 'prod49', 'prod18', 'prod96', 'prod64', 'prod51', 'prod74', 'prod68', 'prod42', 'prod86', 'prod53', 'prod44', 'prod5', 'prod61', 'prod66', 'prod91', 'prod90', 'prod63', 'prod71', 'prod99', 'prod72', 'prod92', 'prod9', 'prod13', 'prod56', 'prod43', 'prod29']"
user29,12345,Stella Rivera,"['prod48', 'prod91', 'prod69', 'prod75', 'prod51', 'prod55', 'prod59', 'prod81', 'prod73', 'prod62', 'prod7', 'prod4', 'prod11', 'prod47', 'prod35', 'prod84', 'prod60', 'prod15', 'prod65', 'prod100', 'prod95']","['prod29', 'prod42', 'prod25', 'prod98', 'prod1', 'prod53', 'prod67', 'prod75']","['prod94', 'prod80', 'prod24', 'prod47', 'prod61', 'prod13', 'prod17']","['prod67', 'prod47']",{},"['prod44', 'prod81', 'prod88', 'prod15', 'prod71', 'prod6', 'prod78', 'prod69', 'prod98', 'prod17', 'prod7', 'prod36', 'prod3', 'prod23', 'prod95', 'prod87', 'prod33', 'prod21', 'prod48', 'prod41', 'prod31', 'prod50']"
user30,12345,Alexander Clark,"['prod36', 'prod19', 'prod14', 'prod46', 'prod52', 'prod98', 'prod42', 'prod67', 'prod77', 'prod75', 'prod54', 'prod64', 'prod38', 'prod58', 'prod95', 'prod81', 'prod51', 'prod35', 'prod84', 'prod87', 'prod91', 'prod100', 'prod69', 'prod44', 'prod11', 'prod61', 'prod78', 'prod88', 'prod43', 'prod99', 'prod2', 'prod18', 'prod40', 'prod65', 'prod48', 'prod59', 'prod49', 'prod83', 'prod79', 'prod1', 'prod94', 'prod7']","['prod86', 'prod19']","['prod76', 'prod54', 'prod26', 'prod52', 'prod16', 'prod91', 'prod4']","['prod17', 'prod76', 'prod55', 'prod80']","{'prod55': 5, 'prod80': 2, 'prod76': 2, 'prod17': 2}","['prod41', 'prod89', 'prod99', 'prod72', 'prod31', 'prod95', 'prod94', 'prod85', 'prod73', 'prod53', 'prod63', 'prod100', 'prod82', 'prod43', 'prod16', 'prod90', 'prod39', 'prod67', 'prod10', 'prod29', 'prod51', 'prod27', 'prod47', 'prod13', 'prod98', 'prod57', 'prod80', 'prod8', 'prod23', 'prod22', 'prod60', 'prod46', 'prod58', 'prod64', 'prod96', 'prod45', 'prod87', 'prod68', 'prod24', 'prod66', 'prod49', 'prod70']"
user31,12345,Chloe Allen,"['prod66', 'prod84', 'prod48', 'prod70', 'prod71', 'prod69', 'prod51', 'prod76', 'prod45', 'prod42', 'prod93', 'prod82', 'prod90', 'prod21', 'prod25', 'prod62', 'prod34', 'prod2', 'prod58', 'prod98', 'prod68', 'prod31', 'prod23', 'prod28', 'prod61', 'prod87', 'prod30', 'prod72', 'prod12', 'prod43', 'prod81', 'prod15']","['prod94', 'prod38', 'prod9']","['prod65', 'prod27', 'prod51', 'prod67', 'prod34']","['prod98', 'prod33', 'prod38', 'prod65', 'prod64', 'prod24', 'prod29', 'prod77', 'prod28', 'prod55', 'prod83', 'prod61', 'prod11', 'prod44']","{'prod28': 1, 'prod61': 3, 'prod29': 3, 'prod44': 2, 'prod64': 3, 'prod77': 3, 'prod33': 4, 'prod38': 4}","['prod11', 'prod20', 'prod21', 'prod48', 'prod88', 'prod27', 'prod18', 'prod69', 'prod4', 'prod52', 'prod46', 'prod14', 'prod42', 'prod96', 'prod24', 'prod7', 'prod45', 'prod6', 'prod62', 'prod44', 'prod57', 'prod74', 'prod8', 'prod61', 'prod76', 'prod67', 'prod35', 'prod94', 'prod10', 'prod80', 'prod99', 'prod32', 'prod34', 'prod81', 'prod30', 'prod54', 'prod25', 'prod97', 'prod93', 'prod38']"
user32,12345,James King,"['prod6', 'prod52', 'prod89', 'prod42', 'prod79', 'prod11', 'prod97', 'prod69', 'prod15', 'prod54', 'prod41', 'prod50', 'prod96', 'prod19', 'prod25', 'prod20', 'prod84', 'prod76', 'prod81']","['prod57', 'prod85', 'prod6', 'prod13', 'prod18', 'prod8', 'prod98', 'prod12']","['prod11', 'prod10', 'prod12', 'prod99', 'prod65']","['prod31', 'prod74', 'prod28', 'prod13', 'prod34', 'prod61', 'prod36']",{'prod61': 5},"['prod96', 'prod67', 'prod85', 'prod97', 'prod64', 'prod22', 'prod73', 'prod50', 'prod94', 'prod70', 'prod21', 'prod100', 'prod35', 'prod61', 'prod92', 'prod75']"
user33,12345,Lily Cooper,"['prod72', 'prod87', 'prod37', 'prod59', 'prod58']","['prod46', 'prod22', 'prod20', 'prod12', 'prod71', 'prod90', 'prod6', 'prod95', 'prod45', 'prod77']","['prod49', 'prod87', 'prod4', 'prod74', 'prod67']","['prod68', 'prod83', 'prod97', 'prod24', 'prod7', 'prod80']",{'prod97': 4},"['prod12', 'prod72', 'prod70', 'prod79', 'prod60', 'prod62', 'prod83', 'prod58', 'prod54', 'prod33', 'prod27', 'prod46', 'prod94', 'prod40', 'prod92', 'prod87', 'prod2', 'prod86', 'prod89']"
user34,12345,William Ward,"['prod89', 'prod71', 'prod4', 'prod53', 'prod26', 'prod29', 'prod49', 'prod77', 'prod70', 'prod79', 'prod86', 'prod100', 'prod1', 'prod54', 'prod22', 'prod59', 'prod55', 'prod45', 'prod41', 'prod76', 'prod23', 'prod24', 'prod38', 'prod73', 'prod14', 'prod58', 'prod94', 'prod12', 'prod82', 'prod87', 'prod46', 'prod75', 'prod92']","['prod10', 'prod79', 'prod3', 'prod71']","['prod49', 'prod12', 'prod58', 'prod16', 'prod32', 'prod14', 'prod52', 'prod91', 'prod79']","['prod44', 'prod58', 'prod8', 'prod6', 'prod98', 'prod53', 'prod50', 'prod61', 'prod37', 'prod13', 'prod7', 'prod3', 'prod54', 'prod47']","{'prod98': 5, 'prod8': 5, 'prod47': 2, 'prod6': 5, 'prod3': 1, 'prod50': 5}","['prod8', 'prod25', 'prod6', 'prod92', 'prod80', 'prod42', 'prod96', 'prod35', 'prod55', 'prod10', 'prod22', 'prod56', 'prod86', 'prod47', 'prod32', 'prod65', 'prod67', 'prod7', 'prod50', 'prod41', 'prod52', 'prod11', 'prod82', 'prod93', 'prod63', 'prod60', 'prod62', 'prod89', 'prod70', 'prod95', 'prod15', 'prod72', 'prod3', 'prod78', 'prod40', 'prod21', 'prod66', 'prod17', 'prod54', 'prod30', 'prod39', 'prod46', 'prod90', 'prod38', 'prod97', 'prod68', 'prod79']"
user35,12345,Grace Lee,"['prod51', 'prod31', 'prod50', 'prod49', 'prod94', 'prod57', 'prod24', 'prod54', 'prod98', 'prod47', 'prod82', 'prod35', 'prod59', 'prod84', 'prod87', 'prod69', 'prod22']","['prod76', 'prod5', 'prod52', 'prod32', 'prod100', 'prod81', 'prod93', 'prod7', 'prod72', 'prod65']","['prod4', 'prod24', 'prod69', 'prod43', 'prod7', 'prod18', 'prod32']","['prod43', 'prod54', 'prod69', 'prod95']",{},"['prod29', 'prod16', 'prod91', 'prod40', 'prod37', 'prod56', 'prod41', 'prod22', 'prod19', 'prod93', 'prod28', 'prod62', 'prod35', 'prod66', 'prod53', 'prod92', 'prod94', 'prod17', 'prod85', 'prod31', 'prod5', 'prod99', 'prod18', 'prod83', 'prod96', 'prod90', 'prod8', 'prod58', 'prod54', 'prod10', 'prod48']"
user36,12345,Michael Hughes,"['prod95', 'prod77', 'prod82', 'prod73', 'prod20', 'prod9', 'prod39', 'prod83', 'prod41', 'prod60', 'prod72', 'prod62', 'prod40', 'prod33', 'prod6', 'prod5', 'prod37', 'prod13', 'prod50', 'prod75', 'prod54', 'prod23', 'prod32', 'prod27', 'prod81', 'prod55', 'prod87', 'prod67', 'prod84', 'prod79', 'prod3', 'prod85', 'prod28', 'prod99', 'prod17', 'prod43', 'prod22', 'prod35', 'prod58', 'prod68', 'prod98']","['prod44', 'prod14', 'prod4', 'prod28', 'prod75', 'prod49', 'prod81', 'prod36', 'prod11']","['prod96', 'prod54']","['prod83', 'prod1', 'prod97', 'prod45', 'prod68', 'prod53', 'prod56', 'prod89', 'prod48', 'prod94']",{'prod89': 1},"['prod54', 'prod39', 'prod82', 'prod93', 'prod88', 'prod94', 'prod92', 'prod51', 'prod18', 'prod40', 'prod44', 'prod35', 'prod15', 'prod61', 'prod31', 'prod6', 'prod100', 'prod28', 'prod3', 'prod34', 'prod59', 'prod77', 'prod11']"
user37,12345,Emily Parker,"['prod45', 'prod86', 'prod84', 'prod10', 'prod55', 'prod25', 'prod92', 'prod16', 'prod14', 'prod34', 'prod95', 'prod40', 'prod22', 'prod37', 'prod38', 'prod18', 'prod82', 'prod42', 'prod60', 'prod97', 'prod53', 'prod6', 'prod76', 'prod32', 'prod24', 'prod39', 'prod23', 'prod72', 'prod98', 'prod27', 'prod12', 'prod87', 'prod11', 'prod57', 'prod21', 'prod93', 'prod49', 'prod78', 'prod28', 'prod7', 'prod56', 'prod64']","['prod64', 'prod72', 'prod75', 'prod74']",['prod97'],"['prod57', 'prod71', 'prod93', 'prod87', 'prod61', 'prod17']","{'prod17': 2, 'prod57': 5, 'prod71': 1, 'prod61': 4, 'prod87': 3}","['prod100', 'prod73', 'prod61', 'prod79', 'prod51', 'prod87', 'prod13', 'prod99', 'prod84', 'prod76', 'prod45', 'prod6', 'prod95', 'prod72', 'prod12', 'prod10', 'prod31', 'prod41', 'prod81', 'prod94', 'prod20', 'prod65', 'prod11', 'prod85', 'prod52', 'prod57', 'prod28', 'prod71', 'prod88', 'prod69', 'prod67', 'prod3', 'prod91', 'prod5', 'prod68', 'prod32', 'prod54', 'prod36', 'prod22', 'prod39', 'prod43', 'prod56', 'prod34', 'prod27', 'prod63', 'prod4']"
user38,12345,Daniel Morris,"['prod21', 'prod61', 'prod52', 'prod37', 'prod23', 'prod75', 'prod51', 'prod76', 'prod29', 'prod6', 'prod87', 'prod19', 'prod33', 'prod77', 'prod81', 'prod36', 'prod53']","['prod30', 'prod92', 'prod20', 'prod73', 'prod61', 'prod47', 'prod66', 'prod41']","['prod75', 'prod28', 'prod64', 'prod19', 'prod65', 'prod95']","['prod14', 'prod60']",{'prod14': 5},"['prod30', 'prod100', 'prod87', 'prod37', 'prod84', 'prod86', 'prod42', 'prod99', 'prod9', 'prod14', 'prod23', 'prod70', 'prod77', 'prod26', 'prod93', 'prod96', 'prod51', 'prod48']"
user39,12345,Victoria Bennett,"['prod81', 'prod85', 'prod16', 'prod65', 'prod75']","['prod14', 'prod23']","['prod90', 'prod33', 'prod43']","['prod50', 'prod31', 'prod92', 'prod63', 'prod19', 'prod72', 'prod64', 'prod48', 'prod42', 'prod85']",{},"['prod98', 'prod37', 'prod78', 'prod51', 'prod63', 'prod3', 'prod77', 'prod46', 'prod45', 'prod69', 'prod100', 'prod52', 'prod16', 'prod82', 'prod76', 'prod59', 'prod35', 'prod49', 'prod27', 'prod73', 'prod94', 'prod47', 'prod56', 'prod38', 'prod21', 'prod8', 'prod64', 'prod75', 'prod24', 'prod2', 'prod9', 'prod39', 'prod33', 'prod67', 'prod87', 'prod60', 'prod25', 'prod22', 'prod71', 'prod96', 'prod23', 'prod57', 'prod68', 'prod10', 'prod88', 'prod12', 'prod86', 'prod72', 'prod83']"
user40,12345,Joseph Ramirez,"['prod3', 'prod88', 'prod74']","['prod36', 'prod30', 'prod21', 'prod84', 'prod2', 'prod9', 'prod40', 'prod49', 'prod31']","['prod3', 'prod90', 'prod59', 'prod58', 'prod22']","['prod82', 'prod8', 'prod13', 'prod84', 'prod39', 'prod94', 'prod86', 'prod40', 'prod28', 'prod72', 'prod44', 'prod59']",{'prod8': 2},"['prod27', 'prod67', 'prod21', 'prod12', 'prod9', 'prod78', 'prod51', 'prod45', 'prod81', 'prod59', 'prod28', 'prod57', 'prod36', 'prod33', 'prod2', 'prod97', 'prod84', 'prod50', 'prod6', 'prod48', 'prod4', 'prod13', 'prod66', 'prod62', 'prod29', 'prod49', 'prod23', 'prod54', 'prod26']"
user41,12345,Riley Brown,"['prod39', 'prod34', 'prod51', 'prod32', 'prod52', 'prod75', 'prod85', 'prod19', 'prod95', 'prod18', 'prod62', 'prod55', 'prod89', 'prod37', 'prod31', 'prod22', 'prod44', 'prod42', 'prod83', 'prod71', 'prod25', 'prod41', 'prod61', 'prod74', 'prod47', 'prod78', 'prod59', 'prod92', 'prod43', 'prod94', 'prod45', 'prod26', 'prod96', 'prod30', 'prod6', 'prod80', 'prod88', 'prod21', 'prod12', 'prod99']","['prod39', 'prod82', 'prod40', 'prod25', 'prod48', 'prod46', 'prod95']","['prod70', 'prod47', 'prod12', 'prod82', 'prod10', 'prod21', 'prod40']","['prod22', 'prod89']",{},"['prod3', 'prod38', 'prod29', 'prod93', 'prod13', 'prod70', 'prod86', 'prod69', 'prod27', 'prod45', 'prod17', 'prod85', 'prod95', 'prod39', 'prod24', 'prod33', 'prod55', 'prod1', 'prod12', 'prod20', 'prod91', 'prod14', 'prod58', 'prod98']"
user42,12345,Samuel Bailey,"['prod47', 'prod60', 'prod65', 'prod77', 'prod19', 'prod84', 'prod39', 'prod38', 'prod17', 'prod86', 'prod87', 'prod1', 'prod64', 'prod20', 'prod9', 'prod27', 'prod57', 'prod46', 'prod25', 'prod92', 'prod31', 'prod8', 'prod89', 'prod30', 'prod48', 'prod22', 'prod15', 'prod88', 'prod6', 'prod91', 'prod58', 'prod72', 'prod40']","['prod91', 'prod7', 'prod17', 'prod69']","['prod92', 'prod50', 'prod14', 'prod60']","['prod77', 'prod38', 'prod85', 'prod4', 'prod69', 'prod2', 'prod33', 'prod46', 'prod79']","{'prod79': 1, 'prod69': 2}","['prod35', 'prod20', 'prod94', 'prod78', 'prod63', 'prod36', 'prod13', 'prod1', 'prod88', 'prod76', 'prod25', 'prod97', 'prod83', 'prod47', 'prod86', 'prod74', 'prod22', 'prod44', 'prod53', 'prod90', 'prod9', 'prod51', 'prod68', 'prod67', 'prod55', 'prod18', 'prod19', 'prod8', 'prod28', 'prod49', 'prod31', 'prod38', 'prod52', 'prod7', 'prod91', 'prod3', 'prod34', 'prod21', 'prod84', 'prod41', 'prod57', 'prod62', 'prod75', 'prod14', 'prod60', 'prod30']"
user43,12345,Zoey Roberts,"['prod44', 'prod62', 'prod11', 'prod47', 'prod45', 'prod84', 'prod65', 'prod61', 'prod29', 'prod37', 'prod100', 'prod67', 'prod9', 'prod82', 'prod95', 'prod91', 'prod7', 'prod28', 'prod56', 'prod99', 'prod75', 'prod59', 'prod68', 'prod57', 'prod10', 'prod1', 'prod60', 'prod90', 'prod41', 'prod2', 'prod14', 'prod25', 'prod22', 'prod92', 'prod54', 'prod63', 'prod71', 'prod17', 'prod42', 'prod13', 'prod96', 'prod15']","['prod95', 'prod49', 'prod88', 'prod23', 'prod65', 'prod38']","['prod60', 'prod70', 'prod64', 'prod21', 'prod62', 'prod71']","['prod74', 'prod12', 'prod63', 'prod25', 'prod35', 'prod7']","{'prod63': 2, 'prod74': 4, 'prod35': 5, 'prod12': 5, 'prod7': 4, 'prod25': 4}","['prod43', 'prod61', 'prod45', 'prod9', 'prod32', 'prod6', 'prod81', 'prod37', 'prod46', 'prod38', 'prod92', 'prod7', 'prod21', 'prod20', 'prod71', 'prod82', 'prod25', 'prod24', 'prod23', 'prod74', 'prod76', 'prod14', 'prod40']"
user44,12345,David Johnson,"['prod68', 'prod50', 'prod86', 'prod15', 'prod20', 'prod61', 'prod1', 'prod43', 'prod82', 'prod37', 'prod24', 'prod30', 'prod52', 'prod63', 'prod100', 'prod51', 'prod69', 'prod29', 'prod31', 'prod55', 'prod76', 'prod91', 'prod87', 'prod25', 'prod84']","['prod33', 'prod54', 'prod26', 'prod68', 'prod13', 'prod74', 'prod44', 'prod77', 'prod35', 'prod97']",['prod98'],"['prod48', 'prod31', 'prod96', 'prod81', 'prod23', 'prod30']","{'prod96': 4, 'prod23': 1}","['prod68', 'prod59', 'prod5', 'prod6', 'prod35', 'prod17', 'prod44', 'prod38', 'prod98', 'prod30', 'prod82', 'prod7', 'prod56', 'prod22', 'prod92', 'prod65', 'prod71', 'prod87', 'prod78', 'prod54', 'prod79', 'prod94', 'prod25', 'prod41', 'prod29', 'prod37', 'prod45', 'prod11', 'prod60', 'prod69', 'prod75', 'prod72', 'prod73', 'prod19', 'prod62', 'prod43', 'prod90', 'prod86', 'prod53']"
user45,12345,Penelope Reed,"['prod2', 'prod61', 'prod77', 'prod74', 'prod83', 'prod39', 'prod98', 'prod68', 'prod45', 'prod27', 'prod94', 'prod47', 'prod92', 'prod99', 'prod12']",['prod83'],"['prod45', 'prod28', 'prod59', 'prod79', 'prod44']","['prod24', 'prod65', 'prod77', 'prod35', 'prod11', 'prod70', 'prod97', 'prod28', 'prod72', 'prod10', 'prod73', 'prod55', 'prod29']","{'prod55': 3, 'prod29': 4, 'prod73': 1, 'prod11': 3, 'prod65': 2, 'prod72': 2, 'prod70': 4, 'prod10': 3, 'prod24': 5, 'prod97': 2}","['prod40', 'prod7', 'prod94', 'prod27', 'prod76', 'prod79', 'prod37', 'prod55', 'prod48', 'prod23', 'prod63', 'prod21', 'prod85', 'prod66']"
user46,12345,Matthew Carter,"['prod76', 'prod74', 'prod81']",['prod10'],['prod94'],"['prod45', 'prod92', 'prod13']",{'prod45': 4},"['prod37', 'prod5', 'prod91', 'prod12', 'prod72', 'prod57', 'prod27', 'prod33', 'prod35', 'prod51', 'prod64', 'prod29', 'prod28', 'prod89', 'prod15', 'prod82', 'prod22', 'prod85', 'prod73', 'prod11', 'prod68', 'prod2', 'prod41', 'prod66', 'prod24', 'prod79', 'prod88', 'prod83', 'prod93', 'prod67', 'prod92', 'prod59', 'prod96', 'prod56', 'prod94']"
user47,12345,Ava Mitchell,"['prod82', 'prod97', 'prod36', 'prod57', 'prod79', 'prod54', 'prod24', 'prod96', 'prod27', 'prod77']","['prod67', 'prod40', 'prod7', 'prod48', 'prod45', 'prod66', 'prod15']","['prod74', 'prod10', 'prod48', 'prod63', 'prod24', 'prod4']","['prod76', 'prod98']","{'prod76': 1, 'prod98': 4}","['prod26', 'prod37', 'prod48', 'prod85', 'prod25', 'prod89', 'prod40', 'prod30', 'prod91', 'prod9', 'prod38', 'prod56', 'prod6', 'prod80', 'prod70', 'prod1', 'prod61', 'prod17', 'prod49', 'prod79', 'prod86', 'prod81', 'prod16', 'prod87', 'prod90', 'prod68', 'prod46', 'prod10', 'prod96', 'prod33', 'prod78', 'prod67', 'prod20', 'prod84', 'prod64', 'prod92', 'prod44', 'prod41', 'prod57', 'prod22']"
user48,12345,Andrew Wright,"['prod10', 'prod15', 'prod68', 'prod99', 'prod29', 'prod94', 'prod35', 'prod32', 'prod75', 'prod42', 'prod72', 'prod28', 'prod24', 'prod60']",['prod18'],"['prod45', 'prod18', 'prod99', 'prod100', 'prod61', 'prod3', 'prod79', 'prod95', 'prod80']","['prod21', 'prod87', 'prod91', 'prod4', 'prod6', 'prod29']",{'prod29': 2},"['prod93', 'prod88', 'prod7', 'prod84', 'prod20', 'prod27', 'prod6', 'prod19', 'prod59', 'prod60', 'prod47', 'prod55', 'prod24', 'prod54', 'prod23', 'prod18']"
user49,12345,Sofia Adams,"['prod55', 'prod22', 'prod31', 'prod94', 'prod35', 'prod99', 'prod30', 'prod84', 'prod100', 'prod9', 'prod1', 'prod54', 'prod67', 'prod88', 'prod57', 'prod86', 'prod39', 'prod37', 'prod10', 'prod13', 'prod53', 'prod60', 'prod47', 'prod4', 'prod51', 'prod23', 'prod77', 'prod63', 'prod78', 'prod70', 'prod42']","['prod92', 'prod73', 'prod15', 'prod64']","['prod65', 'prod5', 'prod24', 'prod15', 'prod59', 'prod28', 'prod75']","['prod48', 'prod66']",{},"['prod87', 'prod26', 'prod10', 'prod4', 'prod11', 'prod19', 'prod42', 'prod79', 'prod8', 'prod73', 'prod52', 'prod46', 'prod28', 'prod59', 'prod25', 'prod43', 'prod74', 'prod86', 'prod49', 'prod23', 'prod20', 'prod56', 'prod32', 'prod88', 'prod18', 'prod27', 'prod48', 'prod99', 'prod9', 'prod1', 'prod85', 'prod7', 'prod98', 'prod13', 'prod3', 'prod38', 'prod47', 'prod84', 'prod34', 'prod14', 'prod90', 'prod37', 'prod66', 'prod93', 'prod39', 'prod97']"
user50,12345,Christopher Turner,"['prod92', 'prod16', 'prod56', 'prod10', 'prod84', 'prod30', 'prod47', 'prod85', 'prod57', 'prod71', 'prod67', 'prod88', 'prod66', 'prod4', 'prod86', 'prod60', 'prod21', 'prod73', 'prod34', 'prod87', 'prod77', 'prod13', 'prod91', 'prod93', 'prod68', 'prod37', 'prod35', 'prod90', 'prod96', 'prod5', 'prod8', 'prod3', 'prod29', 'prod24', 'prod46']","['prod92', 'prod94', 'prod62', 'prod42', 'prod61', 'prod64', 'prod2']","['prod31', 'prod91', 'prod48', 'prod36', 'prod24', 'prod58', 'prod79']","['prod51', 'prod77']",{'prod77': 5},"['prod100', 'prod87', 'prod90', 'prod82', 'prod60', 'prod17', 'prod2', 'prod11', 'prod70', 'prod25', 'prod89', 'prod93', 'prod84', 'prod81', 'prod50', 'prod68', 'prod36', 'prod54', 'prod73', 'prod8', 'prod29', 'prod28', 'prod5']"
